run,cycle,n_labeled,mae_test,mse_test,rmse_test,r2_test,mae_val,mse_val,rmse_val,r2_val,mean_uncertainty,max_uncertainty,queried_idx
1,1,60,1.0403950547639915,1.9133173622767363,1.3832271549809656,0.622932549315781,1.1648782426602764,2.202250724679981,1.4839982226000075,0.5500441805892116,1.2603572351591927,1.576973557472229,"[719, 509, 736, 594, 490, 116, 628, 60, 277, 599, 566, 371, 520, 272, 373, 145, 32, 516, 322, 330, 349, 601, 666, 563, 464, 261, 131, 515, 579, 539, 606, 91, 203, 67, 358, 648, 50, 365, 141, 404, 327, 734, 411, 312, 663, 46, 697, 758, 265, 394, 121, 689, 321, 558, 504, 165, 66, 290, 560, 562]"
1,2,130,0.8924847611748159,1.4044441658878928,1.1850924714501787,0.7232188492610998,1.192578834579285,2.4909673964175494,1.57827988532375,0.49105464540442423,0.8311032908303397,1.536975622177124,"[205, 749, 29, 646, 250, 354, 534, 248, 711, 314, 37, 192, 2, 74, 24, 709, 97, 727, 271, 460, 480, 86, 544, 77, 624, 655, 489, 288, 372, 304, 366, 487, 123, 347, 547, 588, 379, 403, 525, 510, 317, 124, 227, 478, 698, 109, 587, 212, 122, 413, 412, 341, 556, 305, 125, 391, 723, 104, 468, 39, 616, 647, 126, 730, 423, 484, 306, 1, 127, 386]"
1,3,200,0.886706474281828,1.4138829297844506,1.1890680929973905,0.7213587027374462,1.045778911556986,1.9040931698955053,1.3798888251940826,0.6109626424941615,0.6754613825253077,1.2525734901428223,"[589, 296, 629, 721, 326, 543, 486, 428, 754, 437, 406, 633, 658, 720, 605, 388, 71, 320, 7, 456, 133, 92, 136, 270, 225, 214, 194, 276, 110, 584, 177, 298, 506, 267, 502, 280, 613, 137, 499, 63, 531, 363, 260, 732, 215, 85, 611, 561, 591, 211, 206, 476, 522, 275, 129, 473, 387, 193, 462, 694, 457, 444, 653, 72, 384, 696, 303, 597, 176, 255]"
1,4,270,0.7850049010236009,1.0563104750513514,1.0277696605034377,0.7918273748978605,0.936938725703388,1.5805376646088278,1.257194362303947,0.6770703208227925,0.6715982939515796,1.303290605545044,"[268, 645, 517, 107, 361, 598, 705, 51, 706, 35, 45, 188, 575, 636, 105, 519, 533, 252, 234, 577, 70, 351, 318, 568, 343, 21, 246, 150, 274, 541, 449, 59, 405, 28, 130, 328, 421, 143, 741, 238, 13, 269, 481, 529, 44, 197, 586, 53, 160, 759, 500, 475, 14, 518, 685, 686, 674, 151, 572, 604, 712, 445, 497, 154, 535, 287, 112, 704, 385, 119]"
1,5,340,0.7329740612543518,1.0343998428467522,1.017054493548282,0.7961454176811219,0.9080395828180431,1.5479081848791698,1.2441495830000386,0.6837370568688617,0.511260996546064,0.8546004891395569,"[323, 148, 220, 479, 549, 254, 684, 731, 374, 402, 667, 527, 235, 178, 344, 659, 360, 564, 433, 179, 692, 96, 511, 316, 367, 281, 223, 399, 89, 707, 34, 432, 16, 38, 573, 170, 494, 175, 251, 440, 661, 724, 27, 245, 672, 174, 735, 282, 149, 625, 537, 671, 138, 737, 93, 447, 334, 744, 155, 30, 714, 243, 644, 750, 195, 209, 382, 185, 438, 184]"
1,6,410,0.7456690780661072,1.014656457505109,1.0073015722737202,0.8000363498000835,0.9432725806370061,1.628533204467527,1.2761399627264742,0.6672640475301264,0.4813296867268426,0.7703819870948792,"[159, 210, 424, 396, 186, 172, 171, 407, 117, 408, 491, 94, 333, 308, 319, 40, 36, 56, 80, 300, 681, 226, 722, 241, 459, 453, 5, 75, 469, 106, 495, 95, 289, 703, 263, 43, 458, 641, 335, 416, 377, 167, 451, 619, 414, 466, 87, 292, 635, 3, 229, 455, 742, 710, 752, 553, 294, 715, 548, 139, 73, 173, 332, 651, 315, 427, 638, 286, 128, 725]"
1,7,480,0.7330375242510556,1.0033389067747154,1.0016680621716534,0.8022667586627412,0.8987903040528917,1.5070080150596783,1.2276025476756223,0.6920936300868561,0.4341403433254787,0.6963942646980286,"[702, 434, 19, 88, 61, 180, 134, 10, 196, 256, 84, 62, 708, 726, 247, 368, 650, 700, 54, 642, 751, 748, 76, 523, 120, 18, 690, 632, 228, 600, 68, 669, 355, 514, 348, 596, 530, 590, 207, 592, 652, 41, 191, 213, 389, 687, 350, 526, 378, 12, 239, 555, 42, 729, 240, 565, 603, 158, 753, 630, 69, 383, 673, 301, 393, 230, 79, 435, 743, 278]"
1,8,550,0.6576549904099872,0.8377771933719159,0.91530169527425,0.8348948706709965,0.85732937133176,1.3936457387422254,1.180527737387913,0.7152553960742889,0.3374271797282355,0.507336437702179,"[273, 164, 482, 470, 311, 153, 508, 236, 11, 189, 574, 198, 688, 279, 22, 146, 660, 359, 626, 417, 65, 580, 302, 362, 114, 612, 237, 293, 83, 369, 680, 634, 654, 429, 643, 593, 716, 324, 202, 507, 142, 649, 583, 595, 284, 657, 208, 390, 31, 57, 336, 430, 111, 467, 513, 199, 144, 546, 338, 325, 357, 664, 615, 755, 113, 554, 169, 352, 528, 221]"
1,9,620,0.6646774721512269,0.8708786126049052,0.9332087722502962,0.828371401010239,0.8616019216685515,1.4084142386778584,1.1867662948861746,0.7122379501424813,0.2630173710840089,0.5111747980117798,"[441, 678, 640, 542, 398, 346, 200, 559, 701, 505, 264, 614, 233, 695, 33, 163, 78, 285, 443, 64, 728, 397, 353, 471, 675, 582, 662, 608, 392, 100, 102, 747, 103, 524, 550, 201, 581, 15, 156, 496, 231, 602, 219, 492, 718, 376, 99, 485, 620, 266, 82, 4, 331, 48, 168, 521, 52, 108, 249, 291, 161, 259, 118, 422, 512, 295, 639, 551, 501, 418]"
1,10,690,0.6575632822398593,0.8468002471362498,0.9202174999076305,0.8331166503154066,0.8303605840493273,1.3427118413526402,1.1587544353108816,0.7256620238387302,0.1450588115823588,0.3953824043273926,"[540, 262, 400, 182, 425, 450, 17, 58, 740, 493, 623, 691, 442, 9, 610, 309, 47, 676, 503, 670, 607, 81, 557, 20, 439, 410, 465, 745, 461, 356, 426, 621, 746, 665, 345, 431, 631, 55, 401, 452, 693, 258, 6, 242, 618, 717, 187, 617, 380, 0, 409, 622, 677, 627, 463, 329, 713, 147, 232, 257, 739, 183, 23, 337, 224, 483, 656, 217, 190, 570]"
1,11,760,0.669043850635848,0.8584517813354087,0.9265267299627187,0.8308204215853182,0.8238890340310406,1.3774760402553694,1.1736592521917806,0.7185591297730647,0.0,0.0,"[578, 381, 545, 682, 166, 244, 538, 132, 668, 436, 297, 472, 609, 162, 364, 299, 283, 101, 313, 98, 738, 532, 222, 216, 340, 370, 756, 253, 474, 567, 49, 135, 552, 26, 576, 637, 585, 448, 536, 339, 375, 90, 498, 446, 310, 25, 157, 569, 8, 218, 115, 757, 699, 152, 395, 204, 342, 477, 683, 454, 140, 679, 419, 307, 488, 420, 571, 181, 733, 415]"
2,1,60,0.9009512906623994,1.5992104895272872,1.26459894414288,0.6848352321039051,1.1821144202396472,2.546104608331242,1.5956517816651734,0.4797892117784429,0.8213125024523054,1.4965336322784424,"[154, 249, 309, 429, 595, 396, 92, 238, 317, 604, 710, 599, 347, 399, 377, 539, 121, 294, 79, 248, 577, 16, 302, 538, 490, 216, 371, 55, 391, 25, 378, 42, 169, 64, 204, 115, 576, 529, 565, 523, 668, 715, 300, 541, 124, 312, 448, 679, 405, 67, 198, 484, 408, 734, 704, 22, 616, 397, 622, 214]"
2,2,130,0.8241586155090179,1.192337119041656,1.0919419027776414,0.7650198933551642,1.159781927976608,2.439592829044535,1.56191959749679,0.5015513092493453,0.784769823721477,1.3026390075683594,"[598, 27, 741, 588, 360, 712, 21, 104, 51, 483, 591, 227, 684, 434, 692, 461, 139, 82, 148, 424, 221, 290, 589, 323, 716, 123, 241, 183, 243, 316, 708, 19, 328, 506, 661, 127, 392, 267, 447, 345, 472, 551, 709, 40, 723, 561, 573, 145, 662, 379, 753, 664, 550, 460, 617, 442, 109, 231, 186, 611, 653, 706, 326, 509, 500, 192, 594, 725, 457, 170]"
2,3,200,0.7932572991909248,1.1905671362945294,1.0911311269936943,0.7653687131042413,1.113954031096197,2.3636680338729223,1.537422529389017,0.5170639859133539,0.5563849938767297,1.1194738149642944,"[749, 172, 432, 93, 358, 141, 215, 423, 675, 603, 720, 546, 444, 182, 701, 256, 265, 210, 468, 389, 754, 52, 56, 650, 119, 102, 125, 406, 318, 516, 97, 163, 587, 63, 110, 283, 633, 470, 427, 96, 71, 697, 386, 114, 517, 72, 686, 359, 413, 435, 223, 284, 372, 29, 341, 456, 234, 151, 425, 37, 626, 276, 136, 266, 606, 449, 628, 451, 574, 220]"
2,4,270,0.7828960537133717,1.0955765638344002,1.0466979334241566,0.7840890015951972,1.0017248356468635,1.9712404428187142,1.4040087046805352,0.5972433570963771,0.6244563145296914,0.9337593913078308,"[473, 644, 122, 711, 393, 311, 722, 365, 726, 301, 556, 669, 327, 497, 230, 73, 199, 262, 394, 41, 194, 746, 651, 113, 384, 322, 246, 164, 655, 479, 45, 688, 8, 619, 116, 38, 273, 270, 279, 83, 375, 714, 557, 623, 387, 39, 171, 385, 236, 336, 293, 10, 455, 150, 466, 78, 646, 520, 233, 660, 718, 75, 138, 36, 748, 195, 189, 137, 657, 321]"
2,5,340,0.736978970821976,1.051151931850589,1.02525700770616,0.7928439959625653,0.9314986548832427,1.7100012527927217,1.3076701620793838,0.6506187936409319,0.6221867348466601,1.0719407796859741,"[544, 464, 624, 205, 560, 534, 2, 61, 354, 412, 31, 142, 431, 407, 719, 404, 91, 597, 184, 665, 737, 94, 401, 519, 250, 678, 727, 343, 700, 724, 750, 260, 271, 44, 602, 555, 332, 346, 87, 292, 698, 304, 277, 518, 240, 480, 643, 642, 228, 149, 533, 348, 272, 563, 469, 62, 28, 254, 758, 35, 496, 438, 329, 146, 614, 694, 357, 160, 103, 564]"
2,6,410,0.7071749256762417,0.9545702806142399,0.9770211259815419,0.8118778466621834,0.9466625062327787,1.6979616961215276,1.3030585927430614,0.65307867185853,0.47804818877152033,0.8531437516212463,"[105, 636, 525, 314, 641, 504, 7, 77, 575, 207, 721, 547, 583, 43, 543, 117, 143, 647, 481, 601, 514, 320, 188, 252, 502, 257, 296, 731, 645, 558, 281, 331, 84, 670, 32, 200, 487, 268, 24, 58, 613, 707, 107, 247, 325, 274, 131, 634, 687, 229, 156, 381, 20, 751, 89, 742, 467, 691, 351, 403, 53, 33, 264, 54, 180, 361, 414, 580, 245, 437]"
2,7,480,0.6659927965847277,0.8877890602681455,0.9422255888417304,0.8250387707231656,0.9432560128784219,1.6628350602887902,1.289509620083848,0.6602556177131216,0.43310436861855645,0.8160589337348938,"[13, 682, 629, 165, 368, 388, 549, 282, 689, 528, 225, 126, 428, 625, 640, 730, 439, 527, 366, 553, 352, 568, 178, 605, 735, 46, 111, 34, 486, 308, 129, 155, 522, 672, 744, 489, 736, 80, 705, 158, 363, 545, 475, 50, 242, 732, 462, 654, 174, 344, 356, 696, 426, 658, 298, 159, 48, 584, 433, 147, 313, 12, 232, 133, 185, 153, 693, 251, 367, 350]"
2,8,550,0.6551420179974274,0.8531825549246767,0.923678815890392,0.8318588555685903,0.8847865621776808,1.457218483271549,1.2071530488183961,0.7022664452539679,0.36386329105922155,0.5832312107086182,"[667, 382, 134, 106, 402, 702, 740, 465, 235, 65, 275, 376, 167, 499, 17, 663, 572, 411, 612, 671, 11, 652, 648, 128, 319, 175, 440, 209, 286, 373, 196, 421, 450, 95, 482, 179, 507, 579, 211, 212, 76, 226, 255, 68, 632, 9, 85, 120, 491, 621, 398, 476, 261, 759, 299, 334, 443, 206, 130, 418, 656, 353, 593, 552, 69, 324, 581, 508, 666, 505]"
2,9,620,0.657548249777704,0.8928749065090884,0.9449205821174013,0.8240364764282126,0.847062010109678,1.3500803014497198,1.1619295595903048,0.7241565270015076,0.29980921362127577,0.6996527910232544,"[445, 659, 410, 478, 383, 548, 607, 677, 569, 70, 88, 390, 494, 380, 582, 197, 338, 463, 112, 635, 374, 459, 540, 755, 30, 57, 676, 609, 5, 364, 191, 535, 203, 524, 291, 512, 60, 559, 355, 685, 177, 690, 306, 400, 409, 752, 501, 315, 638, 193, 287, 458, 26, 3, 269, 349, 239, 0, 23, 144, 201, 285, 416, 674, 596, 59, 747, 295, 395, 495]"
2,10,690,0.6681511397567955,0.8340684802680329,0.9132734969701206,0.8356257661423763,0.8718244026225764,1.4606928609048224,1.2085912712347473,0.7015565731138875,0.14016548693180084,0.44682371616363525,"[695, 202, 219, 542, 511, 728, 610, 530, 422, 631, 441, 620, 430, 81, 99, 213, 485, 608, 446, 531, 173, 592, 333, 208, 566, 513, 436, 47, 738, 477, 417, 176, 237, 337, 101, 263, 585, 452, 713, 703, 680, 537, 521, 1, 278, 453, 305, 578, 745, 162, 330, 493, 627, 49, 562, 637, 280, 335, 90, 639, 132, 503, 369, 618, 743, 135, 536, 419, 222, 289]"
2,11,760,0.669043850635848,0.8584517813354087,0.9265267299627187,0.8308204215853182,0.8238890340310406,1.3774760402553694,1.1736592521917806,0.7185591297730647,0.0,0.0,"[258, 108, 288, 6, 66, 18, 717, 600, 166, 510, 739, 86, 590, 118, 259, 253, 586, 630, 571, 362, 615, 100, 673, 98, 4, 168, 217, 297, 244, 471, 161, 532, 74, 14, 756, 729, 181, 15, 140, 570, 526, 515, 699, 310, 474, 152, 218, 649, 303, 567, 492, 554, 190, 339, 683, 454, 342, 420, 187, 757, 340, 681, 733, 415, 370, 488, 307, 157, 498, 224]"
3,1,60,1.1431295874954643,2.1576424817978626,1.4688915827241513,0.5747821212831192,1.3790164108480958,3.4667657706318304,1.8619252859961462,0.2916830878752039,1.129507738351822,2.0491445064544678,"[700, 103, 215, 667, 604, 110, 392, 127, 363, 627, 533, 455, 714, 125, 59, 323, 421, 746, 331, 234, 16, 249, 715, 214, 7, 496, 429, 420, 425, 251, 133, 199, 119, 122, 327, 441, 203, 275, 359, 60, 444, 293, 483, 404, 696, 342, 409, 755, 470, 73, 29, 575, 47, 555, 756, 306, 569, 350, 353, 640]"
3,2,130,1.0497411100348373,1.9223667468262107,1.386494409230059,0.6211491398147712,1.2717309954253375,2.6348900778489908,1.623234449440065,0.46164888913446445,0.9265207248074668,1.467260479927063,"[473, 490, 105, 360, 527, 428, 636, 758, 689, 629, 605, 165, 479, 641, 326, 434, 540, 462, 228, 475, 720, 705, 658, 97, 753, 369, 248, 31, 134, 754, 65, 671, 223, 505, 727, 124, 692, 13, 497, 468, 670, 94, 577, 76, 406, 37, 30, 264, 750, 695, 120, 525, 68, 467, 624, 202, 431, 106, 22, 273, 719, 411, 156, 88, 730, 40, 598, 177, 744, 225]"
3,3,200,0.9636484173077053,1.7560805416923748,1.325171891375747,0.6539200311943162,1.112905781822413,2.2909761280870606,1.5135970824783789,0.531916130433439,0.5895501975502286,1.4088844060897827,"[123, 246, 92, 304, 405, 167, 543, 711, 366, 654, 649, 489, 256, 43, 51, 578, 358, 382, 548, 292, 591, 402, 341, 39, 286, 603, 588, 407, 626, 535, 574, 684, 269, 614, 712, 556, 71, 735, 573, 93, 597, 21, 314, 296, 117, 741, 140, 172, 611, 27, 606, 365, 568, 469, 372, 163, 379, 507, 55, 243, 381, 389, 19, 33, 742, 583, 702, 104, 612, 26]"
3,4,270,0.8603352430609669,1.4368194652008586,1.198674044601308,0.716838479847344,1.0793052085562052,2.0293260570787517,1.4245441576443854,0.5853755166786372,0.5647690113101687,1.07329261302948,"[148, 539, 227, 32, 437, 192, 485, 385, 210, 435, 589, 529, 174, 111, 514, 253, 267, 506, 676, 655, 200, 24, 63, 673, 235, 155, 61, 426, 356, 391, 452, 609, 643, 546, 430, 284, 747, 108, 69, 211, 52, 456, 380, 433, 698, 716, 558, 607, 338, 672, 422, 484, 582, 229, 751, 89, 632, 189, 423, 602, 319, 465, 736, 637, 263, 112, 748, 725, 347, 164]"
3,5,340,0.8976914475184514,1.412093403148627,1.1883153635077799,0.7217113741027958,1.0130390542902339,1.7780434173560256,1.3334329444542854,0.6367166672538402,0.6046250394412449,1.0653866529464722,"[136, 333, 274, 109, 294, 285, 522, 646, 220, 694, 5, 387, 354, 305, 321, 759, 146, 384, 561, 580, 313, 710, 593, 34, 537, 416, 650, 6, 281, 706, 255, 581, 121, 185, 432, 130, 82, 424, 478, 169, 277, 332, 153, 399, 651, 113, 457, 723, 298, 23, 687, 236, 312, 270, 660, 463, 635, 85, 335, 508, 594, 64, 731, 334, 240, 620, 544, 521, 500, 325]"
3,6,410,0.7733712642236329,1.189756900606502,1.0907597813480758,0.7655283904851929,0.9368399923922225,1.5676883070629712,1.2520736028936044,0.6796956545954892,0.48158376472336906,0.79911208152771,"[749, 633, 613, 517, 645, 194, 268, 524, 390, 84, 709, 196, 308, 487, 600, 186, 621, 559, 460, 265, 207, 724, 377, 271, 504, 131, 418, 201, 317, 182, 349, 208, 35, 252, 348, 388, 647, 587, 503, 175, 471, 179, 619, 3, 176, 272, 67, 159, 316, 663, 403, 86, 344, 144, 707, 427, 494, 560, 563, 278, 417, 461, 142, 357, 78, 297, 44, 693, 137, 596]"
3,7,480,0.7326836890705295,1.0241685896278108,1.0120121489526748,0.7981617442167157,0.8970564405455994,1.4071477133703776,1.186232571366331,0.7124967219644839,0.39567867645195554,0.667524516582489,"[520, 361, 75, 91, 180, 184, 129, 386, 451, 644, 601, 721, 449, 330, 678, 674, 1, 188, 45, 87, 737, 659, 205, 280, 562, 394, 197, 46, 56, 303, 634, 586, 511, 54, 464, 107, 565, 150, 81, 42, 151, 247, 708, 376, 318, 364, 412, 295, 145, 254, 531, 282, 472, 592, 502, 668, 320, 743, 77, 571, 206, 486, 510, 170, 373, 213, 38, 80, 311, 72]"
3,8,550,0.7084889096868889,0.9023720486978063,0.9499326548223334,0.8221648249894654,0.872435920371591,1.411040040552638,1.187872064050939,0.7117014559000518,0.3556350588798523,0.7191518545150757,"[95, 250, 141, 183, 345, 534, 547, 14, 193, 212, 154, 722, 653, 287, 523, 728, 616, 260, 669, 57, 2, 126, 0, 258, 440, 542, 299, 590, 480, 191, 541, 219, 677, 276, 752, 195, 262, 352, 283, 74, 49, 158, 25, 355, 279, 553, 682, 538, 572, 324, 315, 160, 625, 288, 518, 528, 343, 173, 740, 18, 238, 322, 138, 443, 15, 374, 226, 509, 495, 516]"
3,9,620,0.6728424703772009,0.874208689271513,0.9349912776446169,0.8277151254001298,0.878911227089008,1.400709973765406,1.1835159372671777,0.7138120573923014,0.27585900170462474,0.6610664129257202,"[216, 686, 642, 231, 734, 512, 482, 239, 28, 346, 62, 685, 628, 413, 143, 367, 648, 20, 149, 245, 704, 375, 289, 128, 139, 554, 257, 436, 661, 549, 532, 459, 442, 552, 266, 233, 738, 290, 501, 519, 99, 410, 664, 178, 608, 718, 666, 450, 622, 414, 481, 58, 187, 566, 550, 615, 48, 398, 79, 241, 400, 171, 599, 41, 337, 232, 302, 476, 371, 448]"
3,10,690,0.6581333786241222,0.8758386789787023,0.9358625320946994,0.8273938948109713,0.8318496321472262,1.3356574257175142,1.1557064617442936,0.7271033562592377,0.14554595739713738,0.37638524174690247,"[438, 447, 631, 652, 53, 408, 703, 551, 222, 11, 102, 300, 209, 499, 639, 657, 688, 10, 397, 638, 378, 70, 351, 530, 732, 198, 513, 401, 261, 368, 393, 96, 445, 691, 242, 50, 439, 477, 630, 466, 237, 12, 230, 116, 221, 83, 36, 100, 713, 564, 458, 680, 610, 679, 383, 291, 17, 570, 161, 491, 309, 584, 623, 536, 66, 675, 595, 576, 101, 8]"
3,11,760,0.669043850635848,0.8584517813354087,0.9265267299627187,0.8308204215853182,0.8238890340310406,1.3774760402553694,1.1736592521917806,0.7185591297730647,0.0,0.0,"[114, 244, 697, 662, 690, 132, 617, 739, 218, 396, 9, 118, 557, 579, 4, 224, 362, 301, 545, 745, 656, 339, 526, 726, 166, 329, 681, 419, 217, 90, 190, 259, 665, 453, 115, 683, 493, 618, 204, 370, 328, 699, 729, 340, 168, 585, 498, 446, 181, 395, 757, 135, 152, 307, 162, 567, 701, 454, 488, 474, 336, 415, 492, 733, 310, 717, 98, 515, 157, 147]"
4,1,60,1.2062075801241157,2.56929765028367,1.60290288236177,0.49365508611252884,1.2271759681546577,2.614035258188176,1.6167978408533876,0.4659098696685994,0.9910388333456857,1.7660751342773438,"[510, 603, 291, 67, 703, 92, 3, 575, 527, 99, 144, 209, 731, 173, 237, 88, 111, 438, 546, 759, 23, 206, 81, 10, 534, 372, 130, 272, 156, 526, 544, 268, 469, 370, 641, 224, 383, 737, 674, 697, 631, 740, 188, 365, 172, 648, 223, 683, 15, 721, 13, 331, 229, 627, 323, 748, 266, 49, 32, 107]"
4,2,130,0.8927512239215512,1.6424111225930227,1.281565886949642,0.6763214575993672,1.0212173475432447,1.7149546886591724,1.3095627853062917,0.6496067257282234,0.8600309150559562,1.189278244972229,"[428, 165, 629, 105, 326, 605, 490, 696, 248, 689, 468, 711, 64, 360, 473, 37, 123, 437, 479, 45, 753, 559, 636, 587, 434, 345, 274, 601, 426, 197, 273, 430, 417, 30, 94, 543, 177, 571, 347, 163, 226, 104, 524, 228, 486, 296, 741, 7, 635, 136, 233, 255, 110, 301, 723, 390, 597, 11, 588, 118, 525, 709, 541, 160, 736, 455, 393, 660, 171, 553]"
4,3,200,0.850254578627014,1.4353164539909211,1.1980469331336403,0.717134686120519,1.044910294178456,1.8998182679009945,1.3783389524717766,0.6118360748460208,0.7148461529186794,1.2845596075057983,"[416, 734, 164, 312, 388, 505, 85, 298, 125, 706, 440, 537, 708, 464, 354, 106, 316, 678, 16, 374, 236, 535, 671, 2, 462, 646, 506, 459, 205, 431, 367, 402, 726, 612, 314, 561, 353, 76, 668, 267, 246, 394, 385, 305, 189, 387, 628, 754, 65, 661, 244, 540, 480, 651, 140, 243, 698, 461, 471, 71, 433, 384, 261, 376, 624, 666, 406, 186, 522, 300]"
4,4,270,0.8282400841921853,1.254545070400483,1.120064761699288,0.7527602473112645,0.9767511749105351,1.6533476818294306,1.2858256809651263,0.6621940442060279,0.6730561988694327,1.3257683515548706,"[192, 210, 613, 645, 122, 591, 705, 423, 117, 392, 529, 86, 126, 87, 141, 457, 29, 520, 95, 485, 517, 19, 720, 199, 119, 658, 167, 235, 340, 220, 341, 727, 743, 318, 576, 286, 112, 421, 558, 452, 634, 215, 738, 449, 269, 51, 649, 31, 124, 567, 304, 504, 25, 54, 694, 647, 573, 595, 281, 391, 26, 239, 148, 52, 180, 686, 317, 566, 619, 643]"
4,5,340,0.7744188360038627,1.0965749273330188,1.0471747358168162,0.7838922488835445,0.9393117954173392,1.5925990268190182,1.2619821816567056,0.6746059873771604,0.5668358798537936,0.9287213087081909,"[21, 227, 749, 97, 556, 361, 27, 265, 73, 620, 456, 358, 234, 626, 604, 589, 539, 93, 113, 262, 137, 633, 252, 250, 599, 256, 75, 623, 139, 58, 475, 577, 547, 712, 290, 460, 718, 185, 695, 260, 509, 377, 657, 34, 508, 684, 746, 638, 155, 555, 63, 653, 330, 211, 212, 169, 282, 78, 89, 50, 700, 129, 238, 294, 184, 145, 386, 445, 513, 514]"
4,6,410,0.7147871994918871,0.9398921181036322,0.9694803340468707,0.8147705488493509,0.905316406018772,1.475779482787589,1.2148166457484804,0.6984741296684949,0.5234228823866163,0.7181684374809265,"[644, 24, 519, 412, 618, 44, 507, 128, 670, 652, 276, 405, 103, 497, 55, 151, 557, 583, 208, 46, 584, 728, 198, 531, 511, 77, 363, 133, 79, 295, 751, 707, 744, 80, 121, 672, 441, 254, 408, 593, 109, 719, 578, 614, 259, 61, 389, 178, 154, 14, 500, 43, 287, 153, 150, 750, 747, 324, 368, 616, 321, 176, 502, 158, 427, 496, 292, 5, 146, 271]"
4,7,480,0.6855145979168622,0.8821862119350194,0.939247684018981,0.8261429533220358,0.8856713316723241,1.4122379680159873,1.18837618960327,0.7114566997388547,0.4679408984524863,0.7491133809089661,"[343, 174, 56, 334, 344, 399, 221, 548, 142, 625, 413, 182, 277, 590, 382, 219, 36, 194, 533, 489, 481, 346, 91, 328, 62, 551, 96, 439, 521, 582, 669, 650, 28, 642, 518, 378, 195, 418, 366, 207, 680, 83, 574, 458, 319, 411, 722, 72, 665, 70, 655, 675, 586, 355, 550, 572, 673, 732, 667, 322, 379, 400, 659, 494, 187, 451, 491, 149, 200, 170]"
4,8,550,0.6684981868122895,0.8039718181494234,0.8966447558255295,0.8415570726171497,0.854092718576043,1.3950275141917527,1.1811128287304955,0.7149730767644726,0.3787167314972196,0.6149041652679443,"[247, 240, 424, 560, 213, 470, 359, 592, 134, 53, 730, 284, 692, 478, 568, 523, 39, 476, 432, 22, 512, 407, 466, 245, 676, 12, 348, 381, 724, 335, 38, 716, 425, 42, 516, 333, 357, 241, 69, 114, 600, 263, 332, 758, 327, 183, 1, 84, 654, 409, 632, 356, 542, 251, 662, 216, 196, 414, 444, 320, 463, 608, 364, 701, 264, 352, 132, 622, 563, 602]"
4,9,620,0.653412841659781,0.8469006539485928,0.9202720543125238,0.8330968626202193,0.8382599645185669,1.3667705610547871,1.1690896291793829,0.7207464341575748,0.29057056648390633,0.5143069624900818,"[311, 175, 482, 691, 279, 82, 579, 225, 617, 580, 598, 447, 755, 528, 249, 401, 138, 693, 380, 704, 59, 495, 362, 325, 725, 663, 231, 484, 257, 503, 66, 687, 607, 611, 472, 159, 435, 57, 338, 4, 487, 398, 280, 9, 288, 108, 131, 664, 404, 293, 297, 289, 60, 681, 6, 630, 410, 41, 453, 615, 742, 190, 275, 179, 403, 202, 373, 688, 715, 214]"
4,10,690,0.6272010643609445,0.8011318537140557,0.8950596928216887,0.8421167592487515,0.7778478781087241,1.2123258242407482,1.1010566852986037,0.7523020183279208,0.1505043570750526,0.40792518854141235,"[230, 349, 606, 68, 717, 351, 467, 302, 303, 20, 270, 33, 596, 714, 581, 501, 465, 143, 756, 397, 120, 242, 283, 217, 570, 181, 429, 419, 609, 127, 74, 594, 639, 640, 477, 682, 752, 396, 565, 100, 0, 203, 685, 191, 168, 564, 739, 442, 285, 450, 299, 677, 218, 699, 369, 702, 530, 40, 713, 166, 499, 35, 621, 562, 306, 448, 253, 102, 422, 116]"
4,11,760,0.669043850635848,0.8584517813354087,0.9265267299627187,0.8308204215853182,0.8238890340310406,1.3774760402553694,1.1736592521917806,0.7185591297730647,0.0,0.0,"[569, 690, 313, 710, 637, 17, 443, 222, 735, 538, 552, 329, 193, 493, 375, 161, 308, 201, 350, 18, 554, 278, 337, 745, 610, 47, 339, 258, 8, 545, 483, 515, 371, 549, 415, 420, 492, 536, 310, 162, 48, 656, 98, 101, 336, 204, 307, 232, 585, 733, 474, 115, 532, 152, 679, 147, 757, 309, 395, 157, 488, 729, 436, 454, 342, 315, 446, 90, 498, 135]"
5,1,60,1.037233769388612,1.7527293281138667,1.3239068426871532,0.6545804723661053,1.113034158895727,2.1591317244727897,1.4693984226454,0.5588540971227707,1.1713025331497193,1.7206734418869019,"[665, 235, 206, 538, 237, 164, 16, 612, 435, 385, 172, 329, 87, 627, 409, 294, 350, 180, 49, 268, 214, 344, 470, 545, 688, 662, 581, 264, 231, 430, 726, 306, 689, 142, 541, 429, 598, 375, 448, 175, 695, 117, 77, 439, 704, 115, 107, 85, 124, 81, 108, 648, 195, 615, 198, 560, 684, 616, 536, 325]"
5,2,130,0.9317224610408251,1.4959528692626216,1.223091521212792,0.7051847509054207,1.0236313349537007,2.0368340161108027,1.4271769393143945,0.5838415179288535,0.7979363875729697,1.2564740180969238,"[227, 707, 556, 21, 252, 148, 348, 724, 240, 265, 382, 749, 146, 700, 694, 256, 30, 94, 54, 741, 563, 626, 228, 758, 210, 423, 709, 564, 647, 634, 341, 69, 405, 490, 156, 322, 121, 386, 248, 28, 318, 45, 583, 712, 606, 262, 667, 184, 319, 642, 223, 188, 588, 413, 377, 608, 349, 34, 589, 212, 215, 39, 27, 5, 668, 404, 573, 273, 323, 40]"
5,3,200,0.8886456053732347,1.3255199579326784,1.1513122764622457,0.7387728553437769,0.955228270582977,1.816903599135832,1.347925665285676,0.6287768969364865,0.675416499376297,1.5588759183883667,"[456, 730, 193, 136, 288, 360, 18, 637, 476, 42, 41, 434, 443, 592, 623, 225, 137, 408, 216, 93, 13, 213, 596, 99, 380, 720, 378, 591, 111, 62, 708, 387, 472, 145, 358, 721, 177, 276, 123, 705, 71, 280, 309, 37, 468, 561, 312, 102, 194, 391, 602, 466, 755, 604, 110, 352, 633, 165, 126, 629, 524, 197, 255, 327, 196, 109, 728, 444, 559, 234]"
5,4,270,0.8366946967971235,1.3476509674694102,1.1608837010955964,0.7344113816480834,0.9279097776382134,1.7209876173058694,1.3118641763939853,0.6483740997959214,0.6222346918923515,0.9824783802032471,"[473, 192, 84, 51, 651, 379, 91, 520, 754, 432, 677, 731, 200, 529, 433, 706, 485, 658, 480, 287, 250, 125, 719, 587, 464, 406, 539, 544, 484, 620, 645, 613, 388, 199, 272, 271, 672, 314, 534, 169, 285, 254, 236, 347, 31, 628, 61, 692, 675, 702, 748, 359, 421, 203, 246, 182, 226, 392, 220, 138, 384, 697, 549, 130, 332, 750, 522, 245, 321, 547]"
5,5,340,0.757270238500574,1.0550697547383376,1.0271658847227831,0.7920718901333693,0.9128612173890118,1.5561735915144426,1.247466869906549,0.6820482991930625,0.6237868534667151,1.0339000225067139,"[19, 363, 518, 497, 346, 281, 744, 478, 35, 644, 511, 535, 243, 141, 44, 462, 519, 555, 514, 475, 753, 546, 580, 593, 512, 624, 29, 68, 442, 52, 292, 167, 510, 43, 343, 229, 153, 368, 97, 504, 308, 393, 499, 333, 366, 119, 479, 95, 372, 513, 389, 711, 313, 56, 649, 241, 428, 491, 654, 641, 736, 33, 301, 523, 381, 600, 437, 134, 643, 105]"
5,6,410,0.7228048615394485,0.9519285293651966,0.9756682475950504,0.812398470385387,0.8950962398486181,1.4823861453572984,1.217532810792916,0.6971242805178919,0.4780144040073667,0.7160588502883911,"[122, 575, 551, 678, 460, 636, 354, 542, 698, 128, 63, 104, 487, 471, 751, 407, 646, 424, 517, 696, 92, 457, 338, 304, 652, 449, 574, 96, 553, 207, 60, 659, 687, 674, 670, 427, 3, 24, 48, 740, 160, 361, 38, 625, 32, 170, 605, 202, 481, 533, 703, 320, 425, 540, 558, 46, 418, 173, 266, 334, 75, 500, 527, 508, 632, 635, 57, 686, 525, 496]"
5,7,480,0.7060632219475141,0.9412013394228026,0.9701553171646293,0.8145125337626047,0.9238484186334497,1.536613901676592,1.239602315937088,0.6860446635351334,0.42893200985022956,0.6259474754333496,"[65, 143, 722, 403, 438, 619, 7, 106, 149, 251, 450, 70, 489, 103, 713, 178, 270, 682, 10, 351, 127, 11, 277, 638, 238, 376, 174, 586, 502, 183, 650, 300, 171, 383, 621, 669, 451, 86, 150, 657, 279, 326, 455, 461, 158, 609, 367, 655, 548, 155, 89, 590, 565, 714, 374, 330, 82, 727, 737, 120, 742, 324, 74, 112, 50, 176, 653, 607, 274, 22]"
5,8,550,0.6836984645427613,0.8373522718578449,0.9150695448204168,0.8349786121742153,0.8694806763262707,1.3588975917220576,1.1657176294978375,0.722355010477975,0.3455835670232773,0.563716471195221,"[577, 311, 59, 293, 73, 732, 53, 482, 247, 494, 685, 211, 735, 543, 166, 335, 400, 221, 396, 622, 597, 505, 445, 552, 191, 401, 660, 163, 282, 317, 595, 205, 209, 260, 495, 701, 258, 440, 242, 47, 416, 601, 673, 244, 676, 614, 568, 671, 230, 132, 402, 666, 759, 151, 269, 528, 582, 316, 365, 715, 131, 133, 353, 467, 521, 506, 118, 315, 162, 756]"
5,9,620,0.6833014313416023,0.8665718075851656,0.9308983873576996,0.8292201655808249,0.8664275100148607,1.4103237553991583,1.187570526494809,0.7118478046647742,0.2762417529310499,0.6534032225608826,"[331, 452, 257, 399, 572, 357, 398, 516, 114, 441, 4, 743, 186, 0, 680, 576, 526, 80, 286, 159, 729, 90, 738, 717, 253, 340, 9, 303, 747, 390, 275, 76, 55, 599, 129, 603, 412, 88, 67, 414, 417, 617, 72, 2, 336, 562, 116, 66, 469, 397, 64, 463, 218, 302, 630, 135, 239, 509, 611, 486, 369, 284, 503, 371, 307, 459, 718, 579, 179, 493]"
5,10,690,0.6329801186446801,0.8093911579003886,0.8996616908040426,0.8404890550134958,0.8210997768568321,1.2949858788901196,1.1379744631977116,0.7354132180630448,0.1299261393557702,0.4511907398700714,"[298, 58, 185, 83, 530, 640, 447, 189, 411, 725, 716, 734, 578, 154, 355, 550, 453, 373, 426, 531, 267, 723, 291, 328, 219, 6, 431, 12, 139, 690, 594, 14, 1, 278, 201, 79, 296, 345, 566, 113, 752, 610, 295, 140, 515, 161, 289, 693, 661, 222, 465, 664, 745, 26, 232, 699, 639, 283, 305, 36, 290, 739, 17, 20, 710, 537, 98, 691, 569, 584]"
5,11,760,0.669043850635848,0.8584517813354087,0.9265267299627187,0.8308204215853182,0.8238890340310406,1.3774760402553694,1.1736592521917806,0.7185591297730647,0.0,0.0,"[144, 78, 663, 507, 261, 557, 458, 208, 571, 259, 422, 501, 299, 394, 217, 15, 477, 532, 362, 618, 187, 100, 339, 746, 310, 631, 585, 483, 733, 370, 356, 410, 263, 364, 168, 23, 101, 446, 297, 656, 204, 681, 249, 679, 419, 570, 683, 436, 25, 233, 567, 181, 152, 492, 224, 488, 190, 757, 342, 554, 157, 8, 454, 337, 420, 415, 498, 147, 395, 474]"
