run,cycle,n_labeled,mae_test,mse_test,rmse_test,r2_test,mae_val,mse_val,rmse_val,r2_val,mean_uncertainty,max_uncertainty,queried_idx
1,1,60,1.0776897598316473,2.063284611579665,1.4364138023493318,0.5933777198370522,1.1948559483001226,2.384888391031212,1.544308385987466,0.5127283200936796,0.8250998688694539,1.6102545698268231,"[719, 509, 736, 594, 490, 116, 628, 60, 277, 599, 566, 371, 520, 272, 373, 145, 32, 516, 322, 330, 349, 601, 666, 563, 464, 261, 131, 515, 579, 539, 606, 91, 203, 67, 358, 648, 50, 365, 141, 404, 327, 734, 411, 312, 663, 46, 697, 758, 265, 394, 121, 689, 321, 558, 504, 165, 66, 290, 560, 562]"
1,2,130,0.9215851855929315,1.5535750472839134,1.246424906395854,0.6938288471762524,1.1523993946790836,2.130531597611953,1.459634062911644,0.564697570516923,0.45521322747336135,0.6337713802232865,"[341, 749, 556, 382, 626, 256, 273, 93, 377, 172, 534, 715, 646, 117, 205, 480, 2, 423, 354, 647, 616, 250, 629, 535, 210, 326, 573, 305, 107, 659, 727, 640, 345, 529, 698, 531, 206, 29, 130, 97, 303, 643, 254, 195, 11, 64, 160, 294, 577, 7, 412, 624, 175, 255, 403, 717, 271, 153, 548, 236, 149, 293, 584, 704, 725, 124, 605, 316, 169, 270]"
1,3,200,0.8967878046722847,1.5085826336032135,1.2282437191385158,0.7026957372495874,1.0379650616382052,1.8485920578878736,1.3596293825480066,0.622302426857376,0.45419413382907253,0.5993470274773243,"[600, 346, 437, 642, 484, 136, 176, 401, 549, 388, 173, 367, 314, 522, 335, 451, 328, 564, 440, 167, 338, 686, 343, 323, 223, 625, 667, 308, 690, 128, 209, 652, 675, 28, 262, 673, 441, 450, 465, 632, 188, 43, 668, 73, 467, 386, 178, 324, 155, 518, 251, 721, 724, 48, 351, 427, 292, 174, 248, 3, 661, 34, 363, 519, 88, 240, 550, 438, 400, 622]"
1,4,270,0.9147400704761376,1.4863279850879538,1.2191505178147422,0.7070815771248589,1.022874712101855,1.8175830061815397,1.34817766120847,0.6286380829719642,0.4353060385835889,0.6387105957179705,"[148, 611, 709, 708, 51, 485, 227, 4, 21, 561, 598, 260, 192, 653, 151, 694, 199, 368, 413, 72, 185, 588, 333, 555, 344, 619, 27, 212, 586, 360, 741, 317, 228, 220, 707, 109, 5, 139, 507, 722, 429, 506, 146, 433, 246, 267, 189, 669, 85, 434, 229, 95, 664, 44, 614, 384, 385, 69, 284, 700, 702, 660, 682, 602, 405, 252, 551, 436, 655, 383]"
1,5,340,0.9155694074936457,1.5276800366866214,1.2359935423320874,0.698932112229857,0.9987309130376478,1.7755681960681162,1.3325044825696146,0.6372223954210934,0.46067306777854955,0.7843897019589452,"[112, 319, 402, 76, 68, 748, 183, 533, 475, 466, 695, 37, 468, 469, 127, 574, 105, 35, 687, 636, 735, 432, 39, 508, 13, 381, 444, 677, 692, 590, 473, 672, 376, 348, 578, 575, 186, 110, 40, 194, 286, 268, 439, 645, 613, 304, 215, 79, 74, 33, 311, 103, 544, 82, 332, 163, 357, 460, 86, 479, 500, 287, 198, 164, 80, 650, 285, 55, 142, 279]"
1,6,410,0.8466738083564486,1.3925043508547037,1.1800442156354582,0.7255718910015713,0.9693542093227979,1.680975729983681,1.296524481058372,0.6565491823805094,0.4363136326312306,0.8639605432754386,"[184, 641, 414, 126, 245, 658, 274, 299, 421, 716, 221, 662, 171, 744, 447, 720, 542, 230, 219, 408, 528, 0, 325, 53, 390, 524, 455, 331, 41, 693, 207, 483, 476, 559, 389, 688, 751, 275, 129, 442, 457, 596, 419, 681, 366, 49, 218, 620, 30, 463, 100, 654, 257, 143, 396, 313, 24, 306, 610, 649, 617, 587, 156, 699, 603, 300, 59, 742, 449, 491]"
1,7,480,0.8128181199030452,1.2788197099538925,1.1308491101618696,0.7479763172465779,0.9397762427117585,1.5814621436605847,1.2575619840232866,0.6768814346416689,0.3651373025460852,0.9020133305807393,"[347, 94, 234, 604, 125, 568, 644, 392, 497, 754, 431, 706, 740, 691, 75, 514, 372, 406, 269, 571, 295, 108, 361, 478, 525, 496, 453, 281, 329, 26, 259, 289, 1, 87, 489, 511, 674, 17, 397, 728, 517, 296, 443, 713, 582, 113, 118, 264, 607, 546, 750, 309, 196, 191, 495, 114, 597, 482, 541, 120, 133, 510, 355, 181, 242, 391, 615, 471, 177, 58]"
1,8,550,0.7708400395520005,1.1870351227358935,1.0895114146882048,0.76606478547289,0.9341657692974034,1.5713263929375498,1.2535255852744092,0.6789523341858565,0.28789254809615755,0.5848324703460415,"[633, 320, 54, 31, 179, 481, 77, 487, 634, 182, 379, 119, 96, 387, 755, 122, 56, 591, 318, 521, 201, 89, 45, 572, 703, 202, 502, 418, 638, 540, 239, 123, 426, 410, 452, 428, 61, 380, 676, 752, 583, 621, 211, 10, 52, 398, 424, 92, 714, 63, 247, 747, 409, 84, 276, 238, 374, 150, 83, 407, 448, 134, 36, 711, 753, 494, 553, 527, 302, 334]"
1,9,620,0.7286777913490692,1.1238684639570016,1.0601266263786613,0.778513368997818,0.8902707840613658,1.4690193022639209,1.2120310648922827,0.6998553450463825,0.20655651415691462,0.4238663672355482,"[71, 235, 731, 557, 651, 543, 180, 22, 57, 16, 685, 159, 486, 581, 684, 65, 580, 739, 362, 102, 552, 23, 353, 657, 512, 705, 106, 197, 618, 200, 9, 635, 19, 166, 132, 710, 12, 631, 680, 712, 81, 530, 612, 243, 6, 593, 746, 416, 20, 462, 208, 278, 456, 499, 369, 301, 111, 477, 678, 280, 258, 140, 225, 608, 283, 291, 104, 18, 233, 393]"
1,10,690,0.7244610134888132,1.0698210085712783,1.0343215208876195,0.7891647834573686,0.87600170365336,1.4478292534939214,1.20325776685377,0.7041848183669306,0.12804621433282704,0.36721724178965465,"[266, 38, 670, 470, 282, 547, 378, 70, 461, 701, 47, 425, 138, 726, 565, 241, 226, 359, 656, 696, 513, 213, 723, 399, 154, 472, 589, 570, 158, 101, 537, 503, 536, 430, 422, 370, 759, 161, 356, 244, 417, 730, 459, 538, 315, 99, 162, 237, 630, 756, 445, 501, 8, 310, 609, 78, 523, 505, 671, 62, 193, 718, 253, 350, 592, 214, 446, 339, 144, 216]"
1,11,760,0.7079595957747564,1.0317688881981213,1.0157602513379431,0.7966639136618643,0.8468754833900368,1.4235272308676552,1.19311660405329,0.7091501188123328,0.0,0.0,"[170, 595, 231, 435, 298, 288, 576, 743, 187, 15, 732, 42, 25, 532, 375, 639, 637, 137, 340, 623, 737, 627, 567, 474, 395, 492, 665, 458, 498, 249, 729, 222, 152, 168, 342, 745, 757, 554, 224, 493, 454, 364, 738, 352, 337, 98, 488, 14, 135, 204, 307, 569, 90, 526, 217, 733, 263, 336, 115, 585, 420, 679, 415, 190, 157, 297, 683, 147, 232, 545]"
2,1,60,1.0276050746558105,1.951911142299684,1.3971081355069421,0.6153266714136415,1.291195053275691,2.798426838383224,1.672849915080018,0.4282356559065995,0.6848655084062093,1.3456030349092973,"[154, 249, 309, 429, 595, 396, 92, 238, 317, 604, 710, 599, 347, 399, 377, 539, 121, 294, 79, 248, 577, 16, 302, 538, 490, 216, 371, 55, 391, 25, 378, 42, 169, 64, 204, 115, 576, 529, 565, 523, 668, 715, 300, 541, 124, 312, 448, 679, 405, 67, 198, 484, 408, 734, 704, 22, 616, 397, 622, 214]"
2,2,130,0.9086452847547323,1.6782433273486692,1.2954703112571393,0.6692598177658536,1.1756782659399143,2.538282522851777,1.5931988334328446,0.48138739169591127,0.5692054977192741,0.9974233901330222,"[741, 104, 27, 243, 598, 460, 170, 551, 153, 21, 500, 127, 678, 434, 227, 183, 471, 72, 689, 509, 684, 439, 97, 51, 461, 250, 424, 682, 588, 589, 267, 593, 725, 290, 553, 418, 189, 360, 74, 479, 520, 229, 192, 86, 148, 611, 247, 485, 220, 708, 29, 723, 70, 345, 139, 527, 759, 185, 333, 31, 716, 4, 85, 99, 186, 71, 638, 727, 379, 728]"
2,3,200,0.8448243047707493,1.3851509914679587,1.176924377973351,0.727021055961129,1.1220969890154602,2.2205549255928614,1.4901526517752675,0.5463043331558038,0.43558312389721693,0.6534353035480986,"[365, 675, 535, 548, 63, 736, 82, 200, 102, 432, 444, 11, 223, 330, 255, 692, 697, 146, 32, 519, 745, 677, 709, 324, 212, 94, 293, 355, 700, 281, 363, 30, 161, 109, 103, 236, 648, 437, 7, 10, 348, 237, 643, 478, 5, 389, 155, 283, 660, 174, 123, 112, 262, 107, 138, 318, 619, 669, 320, 722, 195, 166, 466, 694, 717, 451, 672, 84, 306, 311]"
2,4,270,0.8306815290653398,1.2905226592334316,1.1360117337569324,0.7456699558779278,1.0066200427658378,1.8325890518932109,1.3537315287357428,0.6255721025553648,0.4157718127625189,0.5999156012200818,"[574, 34, 331, 257, 88, 258, 470, 601, 73, 514, 495, 76, 233, 462, 321, 234, 296, 499, 254, 114, 284, 270, 696, 721, 658, 582, 12, 151, 132, 163, 81, 275, 758, 120, 150, 24, 646, 272, 392, 705, 465, 252, 89, 65, 644, 106, 626, 199, 592, 69, 323, 19, 134, 497, 522, 605, 701, 244, 240, 534, 384, 530, 367, 556, 180, 482, 732, 507, 404, 20]"
2,5,340,0.8075418200922784,1.263442074867753,1.1240293923504638,0.7510068681493215,0.9326635787794245,1.581346271572927,1.2575159130495832,0.6769051092031367,0.45163137256036645,0.7653535909700484,"[587, 172, 268, 645, 205, 449, 496, 659, 130, 670, 44, 613, 354, 433, 128, 464, 80, 652, 149, 141, 459, 712, 544, 117, 54, 542, 752, 52, 430, 600, 164, 596, 87, 388, 524, 390, 412, 573, 463, 394, 228, 369, 590, 431, 560, 547, 650, 417, 193, 83, 720, 68, 2, 344, 511, 361, 634, 423, 201, 0, 213, 13, 750, 457, 735, 510, 559, 376, 719, 525]"
2,6,410,0.76539302323753,1.1589331810550496,1.0765375892438915,0.7716029819675183,0.9286482587401829,1.5290101491972596,1.2365314994763617,0.6875982344519653,0.5028262790842621,1.257879539083262,"[707, 75, 93, 136, 256, 277, 210, 358, 561, 45, 37, 386, 724, 487, 517, 191, 695, 647, 502, 494, 749, 129, 518, 287, 402, 411, 414, 533, 383, 575, 686, 375, 28, 341, 468, 455, 351, 489, 346, 239, 322, 111, 726, 751, 667, 145, 276, 385, 196, 368, 343, 280, 188, 269, 125, 504, 179, 304, 568, 359, 440, 641, 546, 612, 661, 655, 231, 366, 475, 131]"
2,7,480,0.7589137378158346,1.1555233506543026,1.0749527201948477,0.7722749750627701,0.9096040706553192,1.502482128083997,1.2257577770848518,0.6930183427727831,0.37895848511825075,0.6951391111894506,"[105, 636, 754, 167, 406, 246, 407, 292, 603, 43, 372, 265, 215, 555, 597, 335, 748, 50, 633, 416, 349, 96, 690, 338, 308, 506, 226, 564, 301, 279, 77, 245, 194, 6, 211, 563, 642, 393, 572, 481, 625, 706, 443, 398, 594, 657, 274, 58, 713, 3, 60, 171, 491, 173, 421, 36, 332, 266, 602, 230, 591, 578, 159, 540, 456, 744, 445, 329, 177, 282]"
2,8,550,0.7504494610309808,1.128432438471558,1.0622770064684437,0.7776139226910412,0.8568288497276692,1.395295023595073,1.1812260679459596,0.7149184202208638,0.2932439630944045,0.5101226720231662,"[184, 691, 632, 473, 110, 142, 61, 656, 241, 182, 353, 207, 260, 607, 56, 295, 203, 687, 298, 614, 209, 57, 175, 666, 628, 580, 501, 742, 747, 740, 26, 370, 571, 410, 41, 242, 442, 505, 413, 273, 253, 516, 403, 653, 53, 235, 202, 671, 731, 259, 314, 673, 46, 528, 1, 654, 325, 543, 733, 753, 38, 40, 664, 428, 178, 176, 688, 583, 620, 400]"
2,9,620,0.7425083630605376,1.0732830737504813,1.035993761443804,0.7884824961813721,0.8748071800322603,1.4195223662275183,1.191437101246859,0.709968378118863,0.24977982928887146,0.4998571658251272,"[581, 469, 35, 486, 480, 264, 467, 122, 453, 425, 126, 663, 441, 62, 609, 606, 681, 730, 665, 558, 327, 39, 552, 382, 435, 651, 116, 219, 711, 288, 315, 387, 225, 662, 674, 409, 676, 532, 100, 133, 160, 618, 550, 755, 427, 649, 66, 137, 562, 289, 33, 739, 364, 271, 419, 158, 286, 119, 693, 623, 447, 47, 458, 584, 477, 59, 113, 328, 165, 737]"
2,10,690,0.7248172224075861,1.0568793348188137,1.0280463680295815,0.791715266730892,0.8549210715523918,1.4086972228898411,1.1868855138090788,0.7121801318425229,0.13503114051617607,0.4015617920777212,"[374, 319, 557, 206, 208, 156, 624, 640, 108, 698, 579, 303, 476, 512, 635, 621, 197, 450, 91, 48, 629, 381, 357, 703, 531, 714, 521, 513, 162, 140, 251, 549, 493, 326, 746, 95, 452, 743, 118, 483, 15, 14, 23, 9, 702, 222, 472, 278, 630, 492, 756, 291, 18, 508, 436, 221, 569, 143, 352, 631, 738, 536, 617, 340, 566, 637, 615, 567, 422, 101]"
2,11,760,0.7079595957747564,1.0317688881981213,1.0157602513379431,0.7966639136618643,0.8468754833900368,1.4235272308676552,1.19311660405329,0.7091501188123328,0.0,0.0,"[316, 17, 334, 438, 313, 362, 610, 537, 401, 299, 305, 586, 356, 261, 373, 503, 380, 224, 680, 757, 415, 570, 181, 218, 420, 310, 78, 342, 426, 639, 168, 699, 187, 49, 474, 608, 152, 144, 498, 285, 263, 526, 685, 585, 90, 190, 554, 395, 350, 718, 307, 135, 232, 488, 337, 729, 545, 297, 446, 147, 683, 454, 217, 339, 157, 8, 515, 98, 627, 336]"
3,1,60,1.1581304506818662,2.423227494236744,1.556671928903693,0.5224418950589131,1.4003585233316531,3.5205238146511304,1.876305895809937,0.28069944079290343,0.8237279678365665,2.1217802540468242,"[700, 103, 215, 667, 604, 110, 392, 127, 363, 627, 533, 455, 714, 125, 59, 323, 421, 746, 331, 234, 16, 249, 715, 214, 7, 496, 429, 420, 425, 251, 133, 199, 119, 122, 327, 441, 203, 275, 359, 60, 444, 293, 483, 404, 696, 342, 409, 755, 470, 73, 29, 575, 47, 555, 756, 306, 569, 350, 353, 640]"
3,2,130,1.0829375461067603,2.0697153603458576,1.4386505344752274,0.5921103785736177,1.2424716609017494,2.631033159083633,1.6220459793370943,0.4624369206805635,0.6883475631467961,1.1361660604119694,"[473, 490, 105, 636, 720, 97, 641, 605, 124, 37, 544, 577, 194, 360, 527, 43, 428, 748, 273, 432, 692, 646, 468, 13, 153, 462, 126, 246, 210, 598, 354, 689, 497, 202, 588, 250, 759, 248, 292, 741, 754, 169, 629, 644, 326, 405, 130, 51, 525, 705, 94, 167, 434, 647, 200, 591, 223, 727, 437, 406, 464, 31, 694, 27, 534, 478, 479, 758, 676, 600]"
3,3,200,1.0714738660817802,1.9352709269032848,1.3911401535802512,0.6186060456157814,1.114468175202161,2.0880488188637982,1.4450082417978793,0.5733774966071965,0.5183410719849092,0.9280032938925523,"[597, 711, 603, 407, 540, 382, 411, 671, 272, 117, 505, 143, 298, 721, 265, 731, 235, 556, 341, 164, 183, 744, 142, 44, 684, 388, 519, 192, 506, 377, 423, 417, 304, 243, 514, 626, 712, 84, 469, 414, 486, 92, 682, 91, 245, 511, 268, 645, 280, 184, 749, 449, 129, 189, 471, 138, 267, 141, 314, 24, 358, 256, 573, 480, 695, 269, 653, 495, 106, 578]"
3,4,270,1.0261245888754587,1.7564455811133173,1.325309617075692,0.6538480909681059,1.0539573769126283,1.9838255047830866,1.4084834059310343,0.5946720232309575,0.43808495011375737,0.619732337583877,"[136, 655, 93, 205, 155, 174, 413, 21, 595, 709, 551, 148, 39, 104, 659, 433, 50, 40, 317, 71, 669, 227, 504, 77, 335, 650, 2, 664, 606, 562, 384, 311, 32, 172, 279, 648, 201, 412, 264, 328, 460, 666, 609, 734, 678, 252, 254, 364, 400, 154, 693, 198, 616, 296, 229, 500, 438, 673, 72, 151, 615, 366, 594, 176, 365, 403, 260, 501, 507, 625]"
3,5,340,0.9323865851212312,1.500335287476003,1.2248817442822808,0.7043210848476447,1.0060980674640394,1.8675932586752138,1.3665991580105754,0.6184201709569727,0.43244118905173706,0.7316333160500327,"[233, 558, 722, 139, 416, 509, 599, 725, 547, 109, 619, 123, 643, 753, 379, 82, 451, 128, 368, 5, 349, 191, 652, 11, 324, 271, 87, 461, 620, 401, 657, 318, 170, 258, 221, 634, 385, 583, 255, 160, 677, 112, 706, 241, 672, 48, 188, 107, 54, 57, 333, 305, 535, 724, 299, 64, 494, 134, 691, 750, 53, 26, 348, 431, 717, 70, 418, 20, 312, 22]"
3,6,410,0.853844046780903,1.3232871967402726,1.1503422085363435,0.7392128772593285,0.9368420663045066,1.6924658104647907,1.3009480429535958,0.6542015711298763,0.3967472358568533,0.8742740169862458,"[163, 149, 735, 633, 372, 347, 402, 601, 702, 701, 489, 559, 520, 698, 587, 524, 35, 381, 145, 430, 38, 390, 529, 590, 45, 325, 274, 281, 708, 33, 530, 387, 321, 150, 658, 560, 209, 393, 512, 391, 301, 329, 319, 186, 351, 177, 28, 345, 747, 398, 467, 386, 426, 543, 237, 719, 121, 320, 518, 651, 502, 12, 156, 732, 513, 66, 196, 108, 579, 284]"
3,7,480,0.8028560706573644,1.2807308902942918,1.1316938147283,0.7475996709499622,0.9276637143103109,1.6491768078905134,1.2842027907968872,0.6630462219257638,0.36995087059097626,0.5450348704178952,"[34, 376, 63, 95, 499, 236, 211, 330, 622, 624, 445, 517, 557, 740, 457, 17, 89, 661, 736, 472, 614, 539, 230, 618, 266, 213, 253, 654, 546, 440, 146, 242, 649, 476, 220, 663, 589, 613, 175, 742, 362, 180, 408, 660, 276, 286, 287, 179, 290, 206, 159, 75, 482, 592, 262, 375, 55, 685, 632, 96, 602, 42, 67, 508, 185, 466, 552, 728, 278, 116]"
3,8,550,0.799165862396628,1.2243369874465342,1.106497621979611,0.7587135120722912,0.9112839174077272,1.5383797119307776,1.2403143601243911,0.6856838796375773,0.3074029769735418,0.6585598616699837,"[707, 344, 670, 716, 247, 257, 542, 316, 277, 424, 675, 132, 571, 322, 224, 447, 553, 419, 100, 537, 687, 303, 475, 343, 686, 584, 62, 69, 52, 218, 187, 681, 538, 346, 369, 120, 371, 503, 665, 745, 484, 9, 383, 550, 244, 580, 574, 532, 0, 204, 219, 161, 394, 642, 531, 628, 697, 541, 171, 565, 295, 612, 228, 477, 259, 389, 46, 568, 397, 593]"
3,9,620,0.7334369330209457,1.1058619098325508,1.0515996908674663,0.7820620147129411,0.8786495337786087,1.4639825924289405,1.2099514835021032,0.7008844271919961,0.24851749888274963,0.4657352167477054,"[561, 88, 456, 76, 751, 56, 225, 491, 623, 137, 726, 510, 85, 61, 80, 288, 704, 581, 283, 487, 674, 361, 193, 586, 19, 182, 3, 300, 165, 442, 332, 465, 596, 216, 207, 548, 435, 208, 1, 68, 355, 212, 231, 294, 621, 607, 86, 339, 450, 270, 18, 656, 178, 302, 144, 739, 308, 79, 309, 78, 370, 718, 65, 610, 113, 572, 74, 752, 240, 291]"
3,10,690,0.7164300613941555,1.065372307781127,1.032168739974781,0.7900415121689104,0.8608456153985321,1.4269955804772418,1.1945692028832997,0.7084414782960213,0.11381719102242989,0.37691170054644135,"[563, 564, 313, 631, 427, 239, 99, 114, 582, 4, 111, 226, 710, 522, 373, 367, 549, 730, 58, 30, 638, 680, 261, 611, 439, 516, 703, 173, 41, 357, 452, 668, 81, 481, 315, 374, 453, 158, 521, 338, 528, 446, 608, 436, 238, 485, 688, 23, 289, 102, 422, 443, 662, 690, 197, 463, 637, 723, 14, 639, 396, 757, 10, 285, 217, 310, 699, 118, 334, 222]"
3,11,760,0.7079595957747564,1.0317688881981213,1.0157602513379431,0.7966639136618643,0.8468754833900368,1.4235272308676552,1.19311660405329,0.7091501188123328,0.0,0.0,"[459, 195, 131, 166, 83, 162, 36, 140, 617, 6, 635, 713, 282, 554, 410, 152, 523, 454, 378, 263, 352, 738, 458, 488, 492, 168, 336, 157, 474, 526, 115, 566, 493, 15, 340, 679, 448, 25, 49, 415, 576, 90, 733, 737, 498, 190, 395, 515, 135, 743, 585, 356, 101, 630, 307, 729, 337, 8, 399, 380, 181, 232, 570, 567, 98, 297, 536, 147, 683, 545]"
4,1,60,1.1179857928677954,2.2298010296109023,1.493251830606915,0.5605614591988315,1.16064691039228,2.215320990962312,1.4883954417298892,0.5473737115508427,0.7678612292182896,1.665592889885062,"[510, 603, 291, 67, 703, 92, 3, 575, 527, 99, 144, 209, 731, 173, 237, 88, 111, 438, 546, 759, 23, 206, 81, 10, 534, 372, 130, 272, 156, 526, 544, 268, 469, 370, 641, 224, 383, 737, 674, 697, 631, 740, 188, 365, 172, 648, 223, 683, 15, 721, 13, 331, 229, 627, 323, 748, 266, 49, 32, 107]"
4,2,130,1.021089878659073,1.894590487919738,1.3764412402713522,0.6266231523031884,1.0297868275860502,1.8240358708435442,1.3505687212591384,0.627319657247772,0.5247099066717625,0.8867660276667786,"[490, 588, 255, 167, 382, 341, 360, 598, 437, 210, 321, 256, 428, 51, 423, 7, 273, 11, 556, 377, 265, 601, 704, 709, 27, 391, 712, 573, 741, 696, 379, 105, 636, 405, 434, 16, 647, 358, 174, 605, 112, 246, 684, 148, 318, 508, 298, 347, 93, 387, 117, 155, 749, 76, 672, 689, 227, 505, 651, 506, 671, 626, 705, 164, 589, 574, 619, 21, 633, 658]"
4,3,200,1.0089945841082284,1.900591922966004,1.3786195715156535,0.6254404181379323,0.9330248585448415,1.414741455397264,1.1894290459700672,0.7109451963467102,0.6257310709877473,0.9661020954356452,"[136, 645, 613, 523, 320, 37, 71, 643, 557, 142, 243, 104, 514, 520, 184, 473, 468, 502, 194, 110, 618, 39, 552, 368, 479, 667, 555, 599, 123, 262, 591, 720, 312, 655, 278, 486, 244, 509, 319, 175, 50, 292, 44, 533, 53, 529, 134, 330, 40, 296, 416, 333, 31, 449, 234, 604, 43, 357, 63, 465, 525, 73, 335, 404, 663, 30, 314, 133, 407, 208]"
4,4,270,0.8719115886014741,1.339014032519254,1.1571577388235599,0.7361135075512872,0.9058946389479406,1.4487517316890435,1.2036410310757288,0.7039963409935219,0.46787710967889384,0.8474688847689191,"[215, 24, 461, 199, 392, 646, 70, 394, 695, 384, 354, 464, 433, 727, 666, 580, 750, 561, 91, 68, 20, 389, 85, 250, 2, 277, 497, 97, 290, 644, 369, 659, 205, 169, 708, 254, 725, 577, 150, 593, 717, 29, 120, 418, 650, 373, 145, 201, 600, 124, 200, 412, 306, 281, 726, 153, 582, 535, 480, 84, 616, 66, 388, 444, 361, 367, 271, 239, 478, 35]"
4,5,340,0.8124878305225609,1.2873151951845558,1.1345991341370554,0.7463020675787445,0.9513641508377345,1.589237577868742,1.2606496650016379,0.6752927863414557,0.42316049296870367,0.8219670924206706,"[75, 457, 141, 126, 517, 191, 52, 276, 711, 248, 275, 542, 72, 196, 606, 635, 89, 122, 602, 494, 45, 475, 149, 669, 305, 719, 202, 236, 176, 742, 160, 374, 487, 462, 170, 302, 698, 189, 421, 634, 159, 179, 264, 584, 489, 57, 125, 61, 77, 624, 397, 610, 549, 664, 507, 408, 235, 300, 702, 654, 385, 522, 349, 512, 413, 119, 736, 251, 661, 55]"
4,6,410,0.8087235058005716,1.1730989715160984,1.083096935419955,0.7688112556175737,0.8986262685346434,1.460948225769753,1.2086969122860176,0.7015043978979774,0.41599408523589504,0.7033611526760373,"[386, 447, 450, 686, 96, 481, 716, 62, 242, 398, 106, 359, 343, 440, 301, 41, 58, 596, 65, 688, 623, 393, 402, 499, 38, 219, 137, 735, 560, 293, 425, 18, 274, 572, 753, 252, 504, 163, 466, 495, 706, 230, 225, 728, 730, 417, 476, 622, 550, 151, 732, 311, 362, 456, 528, 595, 257, 303, 213, 78, 501, 198, 207, 693, 662, 193, 33, 28, 531, 756]"
4,7,480,0.81498588455808,1.2050896223112284,1.09776574109016,0.7625066908972207,0.9099294946511817,1.5294474305594887,1.2367083045566925,0.6875088907221848,0.33523502430021235,0.47221424751463875,"[754, 539, 485, 406, 129, 211, 459, 451, 692, 611, 403, 233, 694, 432, 94, 316, 744, 638, 414, 653, 564, 521, 443, 260, 261, 267, 547, 518, 143, 220, 587, 363, 240, 87, 128, 289, 652, 158, 553, 558, 471, 676, 691, 519, 537, 317, 548, 710, 322, 682, 707, 511, 185, 563, 668, 328, 446, 245, 409, 186, 424, 0, 344, 247, 178, 19, 608, 177, 309, 460]"
4,8,550,0.7613747735232484,1.0945662799338411,1.0462152168334395,0.7842881035227509,0.8913648826018853,1.4794536396215132,1.216327932599393,0.6977234393722789,0.31727302941866686,0.6143232746191413,"[346, 675, 376, 284, 484, 687, 241, 116, 724, 628, 722, 427, 332, 348, 287, 642, 758, 751, 620, 109, 381, 690, 304, 171, 221, 299, 411, 17, 463, 755, 270, 677, 491, 612, 182, 47, 530, 34, 540, 541, 538, 121, 578, 102, 69, 399, 12, 325, 4, 685, 482, 195, 181, 375, 288, 536, 570, 46, 282, 192, 632, 569, 503, 439, 430, 390, 660, 590, 625, 95]"
4,9,620,0.7235150303382819,1.0554223317829199,1.027337496533111,0.792002405932791,0.8698898747350619,1.4496638261249104,1.2040198611837392,0.7038099851918544,0.2846991450437152,0.7942435508728183,"[48, 455, 165, 670, 80, 496, 597, 56, 543, 583, 353, 431, 718, 615, 226, 500, 657, 679, 279, 453, 54, 401, 154, 752, 426, 294, 458, 108, 336, 396, 345, 83, 371, 197, 315, 715, 283, 366, 410, 103, 629, 258, 339, 217, 183, 713, 285, 9, 8, 60, 132, 565, 681, 25, 203, 22, 79, 139, 700, 579, 14, 238, 678, 64, 532, 161, 356, 568, 286, 326]"
4,10,690,0.7096051316315021,1.0324168178950075,1.0160791395826447,0.7965362227707218,0.8612950363612003,1.440713218341686,1.2002971375212415,0.7056387406619704,0.1427092929555435,0.542448451649583,"[127, 551, 74, 734, 269, 5, 26, 334, 86, 324, 559, 400, 571, 524, 259, 212, 295, 673, 146, 467, 82, 187, 280, 441, 745, 6, 166, 701, 351, 308, 113, 1, 470, 253, 364, 614, 680, 472, 429, 114, 586, 747, 140, 714, 594, 581, 204, 329, 665, 445, 378, 554, 562, 656, 442, 228, 723, 118, 746, 131, 42, 355, 152, 607, 609, 138, 216, 592, 515, 516]"
4,11,760,0.7079595957747564,1.0317688881981213,1.0157602513379431,0.7966639136618643,0.8468754833900368,1.4235272308676552,1.19311660405329,0.7091501188123328,0.0,0.0,"[180, 436, 162, 621, 313, 452, 617, 649, 483, 338, 214, 640, 435, 639, 739, 477, 637, 36, 90, 585, 492, 100, 337, 135, 738, 419, 757, 415, 513, 352, 327, 350, 307, 168, 59, 630, 190, 420, 232, 729, 422, 98, 249, 566, 297, 493, 310, 342, 231, 340, 545, 263, 567, 699, 498, 218, 448, 474, 147, 576, 743, 222, 157, 395, 380, 733, 101, 488, 115, 454]"
5,1,60,1.1384215673277522,2.0462318242285997,1.4304655970097986,0.5967384017502058,1.2451352300524596,2.6672624694178775,1.6331755782578545,0.4550346804018134,0.7748498279019127,1.1529643878059652,"[665, 235, 206, 538, 237, 164, 16, 612, 435, 385, 172, 329, 87, 627, 409, 294, 350, 180, 49, 268, 214, 344, 470, 545, 688, 662, 581, 264, 231, 430, 726, 306, 689, 142, 541, 429, 598, 375, 448, 175, 695, 117, 77, 439, 704, 115, 107, 85, 124, 81, 108, 648, 195, 615, 198, 560, 684, 616, 536, 325]"
5,2,130,1.0515200978516506,1.8302594414785607,1.352870814778174,0.6393012077892675,1.1228800146436493,2.2274910085295794,1.4924781434009609,0.5448871780397597,0.5343266750239294,1.1831058858621586,"[252, 51, 707, 404, 54, 634, 588, 556, 647, 573, 606, 94, 694, 360, 561, 348, 583, 668, 287, 185, 323, 451, 377, 708, 490, 480, 184, 383, 382, 405, 262, 151, 413, 741, 469, 113, 749, 69, 40, 314, 4, 349, 753, 246, 641, 714, 265, 272, 148, 84, 228, 27, 273, 30, 712, 2, 341, 654, 700, 156, 318, 586, 423, 39, 21, 145, 256, 12, 73, 416]"
5,3,200,0.9754705448704342,1.6553503545470518,1.2866041949826885,0.6737714555438212,1.0811211564082912,1.957611045582837,1.3991465418542965,0.6000280657276957,0.5839802586746358,1.0544166381242561,"[227, 91, 388, 721, 709, 274, 280, 539, 192, 211, 511, 200, 167, 35, 358, 284, 93, 635, 136, 196, 146, 611, 735, 261, 445, 0, 95, 129, 402, 197, 13, 601, 640, 45, 485, 111, 57, 368, 519, 215, 179, 188, 243, 354, 24, 245, 608, 178, 317, 465, 674, 165, 436, 363, 89, 575, 589, 160, 651, 655, 353, 121, 171, 731, 281, 636, 149, 702, 456, 386]"
5,4,270,0.950850739087855,1.619831370159509,1.2727259603541954,0.6807713674026497,1.0808521328742542,1.9194253026865007,1.3854332545043448,0.6078300371572783,0.4750040264289326,0.8686779973173684,"[544, 105, 384, 629, 37, 326, 229, 645, 468, 301, 239, 613, 449, 393, 605, 525, 719, 347, 644, 96, 248, 473, 110, 372, 497, 587, 428, 199, 604, 438, 44, 398, 234, 266, 20, 421, 666, 748, 720, 425, 542, 643, 367, 706, 392, 631, 414, 333, 696, 97, 376, 359, 134, 447, 507, 580, 527, 120, 169, 29, 434, 514, 345, 289, 374, 153, 387, 759, 125, 31]"
5,5,340,0.8629476133639682,1.3883246807483758,1.178271904421206,0.7263956004304235,1.0209141397038712,1.823621985995751,1.3504154864321392,0.6274042206872312,0.42516055457762914,0.7752843080048664,"[754, 406, 34, 112, 633, 319, 533, 532, 189, 591, 658, 361, 303, 141, 308, 52, 744, 455, 660, 191, 426, 494, 478, 625, 603, 72, 187, 407, 381, 126, 579, 267, 571, 259, 75, 327, 597, 295, 705, 46, 522, 292, 750, 204, 418, 487, 109, 479, 462, 609, 457, 722, 7, 590, 143, 531, 304, 99, 619, 546, 506, 26, 371, 653, 43, 734, 698, 489, 71, 86]"
5,6,410,0.8288559806691065,1.3419203025666648,1.1584128377079843,0.735540753726238,0.9769601237042012,1.700251366307009,1.3039368720559323,0.6526108548143836,0.434062339473532,0.8006659770366359,"[210, 277, 669, 444, 106, 53, 311, 692, 657, 432, 104, 517, 620, 279, 92, 155, 710, 118, 713, 65, 362, 9, 203, 594, 677, 697, 578, 379, 600, 513, 50, 355, 646, 503, 672, 403, 63, 271, 186, 667, 133, 335, 236, 166, 128, 174, 652, 366, 500, 691, 577, 332, 547, 202, 555, 1, 269, 467, 685, 678, 442, 23, 520, 510, 55, 727, 255, 285, 508, 484]"
5,7,480,0.7914080355746483,1.2794208870643415,1.1311148867663008,0.7478578401319517,0.9377085973216168,1.5951732288075195,1.263001674111131,0.674080035834911,0.33566959315090983,0.523397421050387,"[529, 240, 716, 758, 564, 205, 724, 482, 275, 563, 5, 459, 460, 11, 74, 534, 123, 212, 437, 728, 450, 130, 549, 254, 330, 431, 293, 127, 496, 670, 22, 551, 427, 183, 464, 216, 328, 116, 138, 501, 150, 440, 67, 32, 253, 119, 725, 535, 663, 291, 260, 433, 659, 751, 391, 60, 559, 82, 491, 220, 369, 100, 632, 70, 14, 422, 424, 628, 524, 3]"
5,8,550,0.7501017818316822,1.1561183499036816,1.0752294405863716,0.7721577154515076,0.8815268370942767,1.4727241721554802,1.2135584749633948,0.6990983795704786,0.29414762697084806,0.7250333439360646,"[286, 207, 466, 223, 626, 250, 170, 357, 114, 321, 320, 673, 79, 296, 173, 399, 400, 283, 36, 244, 664, 48, 528, 225, 441, 56, 543, 681, 282, 747, 486, 241, 650, 338, 309, 412, 562, 558, 209, 364, 690, 137, 661, 47, 476, 334, 623, 62, 132, 618, 596, 686, 397, 66, 68, 396, 389, 83, 324, 38, 675, 28, 103, 410, 390, 101, 288, 624, 552, 621]"
5,9,620,0.734554040381819,1.1124506380949228,1.054727755439726,0.7807635396046677,0.8875937643746541,1.4767557220445628,1.2152183845073128,0.6982746680314116,0.221949922273527,0.42146777878476116,"[194, 574, 177, 502, 742, 298, 88, 343, 122, 682, 505, 711, 76, 417, 755, 671, 208, 461, 642, 548, 201, 270, 512, 443, 736, 176, 540, 745, 80, 233, 475, 602, 322, 394, 276, 226, 656, 158, 553, 687, 19, 730, 58, 305, 380, 453, 568, 676, 557, 504, 715, 408, 610, 61, 230, 140, 499, 18, 756, 6, 219, 154, 614, 411, 302, 622, 550, 530, 495, 537]"
5,10,690,0.7149568261174424,1.061716800340954,1.0303964287306873,0.7907619221221148,0.8631813745761717,1.4216792487601804,1.1923419177233434,0.7095276917626363,0.11706044749785623,0.27941276918510377,"[300, 159, 481, 331, 365, 221, 509, 163, 565, 599, 752, 315, 10, 238, 131, 516, 739, 521, 351, 477, 258, 703, 572, 312, 182, 584, 162, 64, 257, 247, 401, 582, 316, 139, 567, 740, 746, 472, 373, 649, 25, 738, 41, 313, 693, 290, 701, 213, 222, 638, 33, 242, 592, 595, 42, 717, 566, 15, 630, 617, 639, 263, 59, 299, 346, 193, 593, 452, 723, 17]"
5,11,760,0.7079595957747564,1.0317688881981213,1.0157602513379431,0.7966639136618643,0.8468754833900368,1.4235272308676552,1.19311660405329,0.7091501188123328,0.0,0.0,"[471, 483, 523, 217, 224, 278, 251, 515, 161, 356, 102, 218, 419, 518, 570, 352, 190, 463, 181, 554, 415, 757, 732, 680, 420, 569, 336, 342, 498, 339, 679, 488, 454, 607, 168, 310, 78, 144, 8, 370, 458, 446, 157, 718, 474, 737, 152, 585, 637, 699, 249, 733, 493, 378, 683, 576, 232, 340, 743, 395, 135, 729, 307, 297, 147, 90, 526, 337, 492, 98]"
